"Key","Value"
"email","dwaipayana_kapoor@breitenberg.biz"
"gender","male"
"id","3074"
"name","Dwaipayana Kapoor"
"status","active"
"email","iii_deeksha_ganaka@schuppe.name"
"gender","female"
"id","3073"
"name","Deeksha Ganaka III"
"status","active"
"email","draupadi_nambeesan@daniel.biz"
"gender","female"
"id","3072"
"name","Draupadi Nambeesan"
"status","active"
"email","dinkar_v_dutta@wyman-wiegand.net"
"gender","female"
"id","3071"
"name","Dinkar Dutta V"
"status","inactive"
"email","meghnath_desai@mosciski.co"
"gender","male"
"id","3068"
"name","Meghnath Desai"
"status","inactive"
"email","krishna_pillai@terry-rippin.co"
"gender","female"
"id","3067"
"name","Krishna Pillai"
"status","inactive"
"email","durgeshwari_menon@gerhold.name"
"gender","female"
"id","3065"
"name","Durgeshwari Menon"
"status","active"
"email","gopi_patil@goodwin.com"
"gender","male"
"id","3064"
"name","Gopi Patil"
"status","active"
"email","iyengar_vishnu@hegmann.biz"
"gender","male"
"id","3062"
"name","Vishnu Iyengar"
"status","inactive"
"email","shanti_sharma@goodwin.biz"
"gender","male"
"id","3059"
"name","Shanti Sharma"
"status","inactive"
"email","iyer_vasudeva@hintz.com"
"gender","female"
"id","3057"
"name","Vasudeva Iyer"
"status","active"
"email","daiwik_lld_rana@brekke.net"
"gender","female"
"id","3056"
"name","Daiwik Rana LLD"
"status","active"
"email","banerjee_bankimchandra@gleason.io"
"gender","male"
"id","3055"
"name","Bankimchandra Banerjee"
"status","active"
"email","lld_trilochan_gupta@turcotte.info"
"gender","male"
"id","3053"
"name","Trilochan Gupta LLD"
"status","active"
"email","ret_anil_mehrotra@johnston.name"
"gender","male"
"id","3052"
"name","Anil Mehrotra Ret."
"status","active"
"email","ii_gajabahu_agarwal@goldner.org"
"gender","female"
"id","3051"
"name","Gajabahu Agarwal II"
"status","active"
"email","dubashi_acharyasuta@greenholt-douglas.info"
"gender","male"
"id","3050"
"name","Acharyasuta Dubashi"
"status","active"
"email","iv_varman_javas@wunsch.name"
"gender","male"
"id","3049"
"name","Javas Varman IV"
"status","inactive"
"email","varrier_rajan@kshlerin.com"
"gender","female"
"id","3048"
"name","Rajan Varrier"
"status","active"
"email","gandhi_brahmdev@strosin-okuneva.com"
"gender","female"
"id","3047"
"name","Brahmdev Gandhi"
"status","inactive"
